{
    "name" :            "Daz",

    "description" :     "Rig for use with Daz/Poser",

    "bones" : {
        "hips":         "hip",
        "spine":        "abdomen",

        "clavicle.L":   "lCollar",
        "upper_arm.L":  "lShldr",
        "forearm.L":    "lForeArm",
        "hand.L":       "lHand",

        "clavicle.R":   "rCollar",
        "upper_arm.R":  "rShldr",
        "forearm.R":    "rForeArm",
        "hand.R":       "rHand",

        "thigh.L":      "lThigh",
        "shin.L":       "lShin",
        "foot.L":       "lFoot",

        "thigh.R":      "rThigh",
        "shin.R":       "rShin",
        "foot.R":       "rFoot"
    },

    "settings" : {
        "mergeShoulders" : true,
        "mergePalms" : true,
        "mergeNeck" : true,
        "mergeHead" : true,
        "mergeSpine" : true,
        "mergeChest" : true,
        "mergeHips" : true,
        "mergeFeet" : true
    }
}
