{
    "name" :            "Second Life",

    "description" :     "Rig for use with Second Life",

    "bones" : {
        "hips":         "mPelvis",
        "spine":        "mTorso",
        "chest":        "mChest",
        "neck":         "mNeck",
        "head":         "mHead",

        "eye.L":        "mEyeLeft",
        "eye.R":        "mEyeRight",

        "clavicle.L":   "mCollarLeft",
        "upper_arm.L":  "mShoulderLeft",
        "forearm.L":    "mElbowLeft",
        "hand.L":       "mWristLeft",

        "clavicle.R":   "mCollarRight",
        "upper_arm.R":  "mShoulderRight",
        "forearm.R":    "mElbowRight",
        "hand.R":       "mWristRight",

        "thigh.L":      "mHipLeft",
        "shin.L":       "mKneeLeft",
        "foot.L":       "mAnkleLeft",
        "toe.L":        "mFootLeft",

        "thigh.R":      "mHipRight",
        "shin.R":       "mKneeRight",
        "foot.R":       "mAnkleRight",
        "toe.R":        "mFootRight",
        
        "skull" :	"mSkull",
        "toe_end.L" : 	"mToeLeft",
        "toe_end.R" :	"mToeRight"
    },
    
    "settings" : {
  		"useTerminators" :	true,
        "mergeSpine" : true,
        "mergeChest" : true,
        "mergeNeck" : true,
        "mergeShoulders" : true,
        "mergePalms" : true,
        "mergeHips" : true,
        "mergeHead" : true  		
  	}
}
