{
    "name" : "Xonotic",
    
    "description" : "Rig intended for use with the Xonotic engine",
    
    "bones" : {
    	"palm_index.L":  "palm.01.L",
    	"palm_middle.L": "palm.02.L",
    	"palm_ring.L":   "palm.03.L",
    	"palm_pinky.L":  "palm.04.L",

    	"palm_index.R":  "palm.01.R",
    	"palm_middle.R": "palm.02.R",
    	"palm_ring.R":   "palm.03.R",
    	"palm_pinky.R":  "palm.04.R",

        "clavicle.L":   "shoulder.L",
        "clavicle.R":   "shoulder.R"
     },

    "settings" : {
    	"mergeSpine" : true,
    	"mergeNeck" : true,
        "mergeShoulders" : true,
        "mergeHips" : true,
        "mergeHead" : true,
        "useIkLegs":    false
    }
    
}


